datetime,county,state,fips,cases,deaths,day,casecount,lat,long,Temperature
05/01/2020,Cass,North Dakota,38017,542,16,1,15,47.8772,-96.7898,62.4
05/02/2020,Cass,North Dakota,38017,572,17,2,30,47.8772,-96.7898,57.7
05/03/2020,Cass,North Dakota,38017,605,18,3,33,47.8772,-96.7898,43
05/04/2020,Cass,North Dakota,38017,630,18,4,25,47.8772,-96.7898,44.8
05/05/2020,Cass,North Dakota,38017,643,18,5,13,47.8772,-96.7898,45.1
05/06/2020,Cass,North Dakota,38017,686,23,6,43,47.8772,-96.7898,50.6
05/07/2020,Cass,North Dakota,38017,709,23,7,23,47.8772,-96.7898,43.9
05/08/2020,Cass,North Dakota,38017,752,24,8,43,47.8772,-96.7898,40.4
05/09/2020,Cass,North Dakota,38017,781,26,9,29,47.8772,-96.7898,39.3
05/10/2020,Cass,North Dakota,38017,805,26,10,24,47.8772,-96.7898,41.3
05/11/2020,Cass,North Dakota,38017,821,27,11,16,47.8772,-96.7898,37.7
05/12/2020,Cass,North Dakota,38017,866,29,12,45,47.8772,-96.7898,41.6
05/13/2020,Cass,North Dakota,38017,935,31,13,69,47.8772,-96.7898,49
05/14/2020,Cass,North Dakota,38017,991,31,14,56,47.8772,-96.7898,54
05/15/2020,Cass,North Dakota,38017,1032,32,15,41,47.8772,-96.7898,52.6
05/16/2020,Cass,North Dakota,38017,1106,32,16,74,47.8772,-96.7898,58.6
05/17/2020,Cass,North Dakota,38017,1147,33,17,41,47.8772,-96.7898,60.6
05/18/2020,Cass,North Dakota,38017,1173,33,18,26,47.8772,-96.7898,63.8
05/19/2020,Cass,North Dakota,38017,1229,34,19,56,47.8772,-96.7898,65.6
05/20/2020,Cass,North Dakota,38017,1277,38,20,48,47.8772,-96.7898,65
05/21/2020,Cass,North Dakota,38017,1370,40,21,93,47.8772,-96.7898,65.8
05/22/2020,Cass,North Dakota,38017,1442,41,22,72,47.8772,-96.7898,66.7
05/23/2020,Cass,North Dakota,38017,1487,41,23,45,47.8772,-96.7898,67.2
05/24/2020,Cass,North Dakota,38017,1528,42,24,41,47.8772,-96.7898,65.2
05/25/2020,Cass,North Dakota,38017,1564,43,25,36,47.8772,-96.7898,63.8
05/26/2020,Cass,North Dakota,38017,1580,43,26,16,47.8772,-96.7898,63.9
05/27/2020,Cass,North Dakota,38017,1596,45,27,16,47.8772,-96.7898,70.7
05/28/2020,Cass,North Dakota,38017,1632,46,28,36,47.8772,-96.7898,61.8
05/29/2020,Cass,North Dakota,38017,1661,48,29,29,47.8772,-96.7898,56.7
05/30/2020,Cass,North Dakota,38017,1685,49,30,24,47.8772,-96.7898,56.4
05/31/2020,Cass,North Dakota,38017,1705,50,31,20,47.8772,-96.7898,66
06/01/2020,Cass,North Dakota,38017,1744,50,32,39,47.8772,-96.7898,79.9
06/02/2020,Cass,North Dakota,38017,1762,54,33,18,47.8772,-96.7898,73.7
06/03/2020,Cass,North Dakota,38017,1783,55,34,21,47.8772,-96.7898,71.5
06/04/2020,Cass,North Dakota,38017,1803,55,35,20,47.8772,-96.7898,71.9
06/05/2020,Cass,North Dakota,38017,1834,59,36,31,47.8772,-96.7898,68.3
06/06/2020,Cass,North Dakota,38017,1880,60,37,46,47.8772,-96.7898,65.4
06/07/2020,Cass,North Dakota,38017,1911,60,38,31,47.8772,-96.7898,80.3
06/08/2020,Cass,North Dakota,38017,1917,60,39,6,47.8772,-96.7898,77.4
06/09/2020,Cass,North Dakota,38017,1930,60,40,13,47.8772,-96.7898,64.9
06/10/2020,Cass,North Dakota,38017,1958,61,41,28,47.8772,-96.7898,62.9
06/11/2020,Cass,North Dakota,38017,1984,62,42,26,47.8772,-96.7898,66.8
06/12/2020,Cass,North Dakota,38017,2006,62,43,22,47.8772,-96.7898,65.6
06/13/2020,Cass,North Dakota,38017,2037,62,44,31,47.8772,-96.7898,66.3
06/14/2020,Cass,North Dakota,38017,2044,62,45,7,47.8772,-96.7898,72
06/15/2020,Cass,North Dakota,38017,2058,62,46,14,47.8772,-96.7898,79.9
06/16/2020,Cass,North Dakota,38017,2067,62,47,9,47.8772,-96.7898,84.4
06/17/2020,Cass,North Dakota,38017,2084,62,48,17,47.8772,-96.7898,85.8
06/18/2020,Cass,North Dakota,38017,2091,63,49,7,47.8772,-96.7898,71.7
06/19/2020,Cass,North Dakota,38017,2104,64,50,13,47.8772,-96.7898,63.9
06/20/2020,Cass,North Dakota,38017,2118,64,51,14,47.8772,-96.7898,65.9
06/21/2020,Cass,North Dakota,38017,2138,64,52,20,47.8772,-96.7898,63.7
06/22/2020,Cass,North Dakota,38017,2143,64,53,5,47.8772,-96.7898,64.8
06/23/2020,Cass,North Dakota,38017,2146,65,54,3,47.8772,-96.7898,67.2
06/24/2020,Cass,North Dakota,38017,2165,65,55,19,47.8772,-96.7898,69.1
06/25/2020,Cass,North Dakota,38017,2171,65,56,6,47.8772,-96.7898,72.8
06/26/2020,Cass,North Dakota,38017,2181,65,57,10,47.8772,-96.7898,74.3
06/27/2020,Cass,North Dakota,38017,2193,65,58,12,47.8772,-96.7898,76.5
06/28/2020,Cass,North Dakota,38017,2208,66,59,15,47.8772,-96.7898,80.3
06/29/2020,Cass,North Dakota,38017,2233,66,60,25,47.8772,-96.7898,76.3
06/30/2020,Cass,North Dakota,38017,2245,66,61,12,47.8772,-96.7898,79.7
07/01/2020,Cass,North Dakota,38017,2260,66,62,15,47.8772,-96.7898,76.3
07/02/2020,Cass,North Dakota,38017,2277,66,63,17,47.8772,-96.7898,81.1
07/03/2020,Cass,North Dakota,38017,2295,66,64,18,47.8772,-96.7898,82.5
07/04/2020,Cass,North Dakota,38017,2323,66,65,28,47.8772,-96.7898,80.5
07/05/2020,Cass,North Dakota,38017,2334,66,66,11,47.8772,-96.7898,78.8
07/06/2020,Cass,North Dakota,38017,2351,66,67,17,47.8772,-96.7898,74
07/07/2020,Cass,North Dakota,38017,2358,69,68,7,47.8772,-96.7898,76.2
07/08/2020,Cass,North Dakota,38017,2373,70,69,15,47.8772,-96.7898,76
07/09/2020,Cass,North Dakota,38017,2402,70,70,29,47.8772,-96.7898,74.3
07/10/2020,Cass,North Dakota,38017,2421,70,71,19,47.8772,-96.7898,71.5
07/11/2020,Cass,North Dakota,38017,2442,72,72,21,47.8772,-96.7898,70.2
07/12/2020,Cass,North Dakota,38017,2464,72,73,22,47.8772,-96.7898,72.6
07/13/2020,Cass,North Dakota,38017,2492,72,74,28,47.8772,-96.7898,75.9
07/14/2020,Cass,North Dakota,38017,2503,73,75,11,47.8772,-96.7898,70
07/15/2020,Cass,North Dakota,38017,2522,73,76,19,47.8772,-96.7898,72.2
07/16/2020,Cass,North Dakota,38017,2547,73,77,25,47.8772,-96.7898,74
07/17/2020,Cass,North Dakota,38017,2584,73,78,37,47.8772,-96.7898,73.5
07/18/2020,Cass,North Dakota,38017,2613,73,79,29,47.8772,-96.7898,73.2
07/19/2020,Cass,North Dakota,38017,2639,73,80,26,47.8772,-96.7898,70
07/20/2020,Cass,North Dakota,38017,2663,73,81,24,47.8772,-96.7898,68.1
07/21/2020,Cass,North Dakota,38017,2673,74,82,10,47.8772,-96.7898,66.4
07/22/2020,Cass,North Dakota,38017,2715,75,83,42,47.8772,-96.7898,65.2
07/23/2020,Cass,North Dakota,38017,2734,75,84,19,47.8772,-96.7898,71.7
07/24/2020,Cass,North Dakota,38017,2762,75,85,28,47.8772,-96.7898,83.5
07/25/2020,Cass,North Dakota,38017,2765,75,86,3,47.8772,-96.7898,79.1
07/26/2020,Cass,North Dakota,38017,2794,75,87,29,47.8772,-96.7898,73.5
07/27/2020,Cass,North Dakota,38017,2816,75,88,22,47.8772,-96.7898,71.7
07/28/2020,Cass,North Dakota,38017,2841,75,89,25,47.8772,-96.7898,71.8
07/29/2020,Cass,North Dakota,38017,2850,76,90,9,47.8772,-96.7898,70.6
07/30/2020,Cass,North Dakota,38017,2872,76,91,22,47.8772,-96.7898,71.4
07/31/2020,Cass,North Dakota,38017,2897,76,92,25,47.8772,-96.7898,73
08/01/2020,Cass,North Dakota,38017,2917,76,93,20,47.8772,-96.7898,70.4
08/02/2020,Cass,North Dakota,38017,2922,76,94,5,47.8772,-96.7898,66.1
08/03/2020,Cass,North Dakota,38017,2932,76,95,10,47.8772,-96.7898,64.2
08/04/2020,Cass,North Dakota,38017,2938,76,96,6,47.8772,-96.7898,66.6
08/05/2020,Cass,North Dakota,38017,2958,76,97,20,47.8772,-96.7898,68.1
08/06/2020,Cass,North Dakota,38017,2977,76,98,19,47.8772,-96.7898,69.5
08/07/2020,Cass,North Dakota,38017,3006,76,99,29,47.8772,-96.7898,71.5
08/08/2020,Cass,North Dakota,38017,3028,76,100,22,47.8772,-96.7898,74.3
08/09/2020,Cass,North Dakota,38017,3039,76,101,11,47.8772,-96.7898,71.2
08/10/2020,Cass,North Dakota,38017,3046,76,102,7,47.8772,-96.7898,67.3
08/11/2020,Cass,North Dakota,38017,3058,76,103,12,47.8772,-96.7898,71.3
08/12/2020,Cass,North Dakota,38017,3073,76,104,15,47.8772,-96.7898,71.1
08/13/2020,Cass,North Dakota,38017,3088,76,105,15,47.8772,-96.7898,77.1
08/14/2020,Cass,North Dakota,38017,3104,76,106,16,47.8772,-96.7898,64.9
08/15/2020,Cass,North Dakota,38017,3117,76,107,13,47.8772,-96.7898,65.4
08/16/2020,Cass,North Dakota,38017,3128,76,108,11,47.8772,-96.7898,68.7
08/17/2020,Cass,North Dakota,38017,3135,76,109,7,47.8772,-96.7898,66.4
08/18/2020,Cass,North Dakota,38017,3148,76,110,13,47.8772,-96.7898,70.9
08/19/2020,Cass,North Dakota,38017,3182,76,111,34,47.8772,-96.7898,72.8
08/20/2020,Cass,North Dakota,38017,3203,76,112,21,47.8772,-96.7898,74.8
08/21/2020,Cass,North Dakota,38017,3223,76,113,20,47.8772,-96.7898,75.7
08/22/2020,Cass,North Dakota,38017,3250,76,114,27,47.8772,-96.7898,76.1
08/23/2020,Cass,North Dakota,38017,3274,76,115,24,47.8772,-96.7898,72.4
08/24/2020,Cass,North Dakota,38017,3289,76,116,15,47.8772,-96.7898,71.5
08/25/2020,Cass,North Dakota,38017,3309,76,117,20,47.8772,-96.7898,73
08/26/2020,Cass,North Dakota,38017,3339,76,118,30,47.8772,-96.7898,74.9
08/27/2020,Cass,North Dakota,38017,3375,76,119,36,47.8772,-96.7898,67.4
08/28/2020,Cass,North Dakota,38017,3430,76,120,55,47.8772,-96.7898,68.3
08/29/2020,Cass,North Dakota,38017,3470,76,121,40,47.8772,-96.7898,63
08/30/2020,Cass,North Dakota,38017,3510,76,122,40,47.8772,-96.7898,66.2
08/31/2020,Cass,North Dakota,38017,3526,76,123,16,47.8772,-96.7898,61.1
09/01/2020,Cass,North Dakota,38017,3554,76,124,28,47.8772,-96.7898,62.3
09/02/2020,Cass,North Dakota,38017,3604,76,125,50,47.8772,-96.7898,64.1
09/03/2020,Cass,North Dakota,38017,3661,76,126,57,47.8772,-96.7898,59.6
09/04/2020,Cass,North Dakota,38017,3740,76,127,79,47.8772,-96.7898,60.1
09/05/2020,Cass,North Dakota,38017,3813,76,128,73,47.8772,-96.7898,61.8
09/06/2020,Cass,North Dakota,38017,3857,76,129,44,47.8772,-96.7898,67
09/07/2020,Cass,North Dakota,38017,3881,76,130,24,47.8772,-96.7898,49.1
09/08/2020,Cass,North Dakota,38017,3894,76,131,13,47.8772,-96.7898,43.1
09/09/2020,Cass,North Dakota,38017,3957,76,132,63,47.8772,-96.7898,44.8
09/10/2020,Cass,North Dakota,38017,4020,76,133,63,47.8772,-96.7898,52.8
09/11/2020,Cass,North Dakota,38017,4060,76,134,40,47.8772,-96.7898,53.3
09/12/2020,Cass,North Dakota,38017,4131,77,135,71,47.8772,-96.7898,56.3
09/13/2020,Cass,North Dakota,38017,4214,77,136,83,47.8772,-96.7898,56.6
09/14/2020,Cass,North Dakota,38017,4294,77,137,80,47.8772,-96.7898,57
09/15/2020,Cass,North Dakota,38017,4328,77,138,34,47.8772,-96.7898,62.6
09/16/2020,Cass,North Dakota,38017,4407,77,139,79,47.8772,-96.7898,54.7
09/17/2020,Cass,North Dakota,38017,4456,77,140,49,47.8772,-96.7898,52.1
09/18/2020,Cass,North Dakota,38017,4533,77,141,77,47.8772,-96.7898,55.5
09/19/2020,Cass,North Dakota,38017,4603,77,142,70,47.8772,-96.7898,62.9
09/20/2020,Cass,North Dakota,38017,4676,77,143,73,47.8772,-96.7898,67.1
09/21/2020,Cass,North Dakota,38017,4722,77,144,46,47.8772,-96.7898,67.7
09/22/2020,Cass,North Dakota,38017,4767,77,145,45,47.8772,-96.7898,66.4
09/23/2020,Cass,North Dakota,38017,4849,77,146,82,47.8772,-96.7898,66.8
09/24/2020,Cass,North Dakota,38017,4927,77,147,78,47.8772,-96.7898,61.4
09/25/2020,Cass,North Dakota,38017,4984,77,148,57,47.8772,-96.7898,66.2
09/26/2020,Cass,North Dakota,38017,5064,77,149,80,47.8772,-96.7898,59.6
09/27/2020,Cass,North Dakota,38017,5122,77,150,58,47.8772,-96.7898,55.9
09/28/2020,Cass,North Dakota,38017,5177,77,151,55,47.8772,-96.7898,52.3
09/29/2020,Cass,North Dakota,38017,5250,77,152,73,47.8772,-96.7898,56.9
09/30/2020,Cass,North Dakota,38017,5334,77,153,84,47.8772,-96.7898,52.1
10/01/2020,Cass,North Dakota,38017,5416,77,154,82,47.8772,-96.7898,45.3
10/02/2020,Cass,North Dakota,38017,5500,78,155,84,47.8772,-96.7898,43.5
10/03/2020,Cass,North Dakota,38017,5595,78,156,95,47.8772,-96.7898,45.3
10/04/2020,Cass,North Dakota,38017,5678,78,157,83,47.8772,-96.7898,45.1
10/05/2020,Cass,North Dakota,38017,5728,78,158,50,47.8772,-96.7898,57.6
10/06/2020,Cass,North Dakota,38017,5812,78,159,84,47.8772,-96.7898,58.6
10/07/2020,Cass,North Dakota,38017,5946,78,160,134,47.8772,-96.7898,54.5
10/08/2020,Cass,North Dakota,38017,6081,78,161,135,47.8772,-96.7898,52.2
10/09/2020,Cass,North Dakota,38017,6192,78,162,111,47.8772,-96.7898,60.7
10/10/2020,Cass,North Dakota,38017,6301,78,163,109,47.8772,-96.7898,49.5
10/11/2020,Cass,North Dakota,38017,6446,78,164,145,47.8772,-96.7898,61.4
10/12/2020,Cass,North Dakota,38017,6535,78,165,89,47.8772,-96.7898,53.5
10/13/2020,Cass,North Dakota,38017,6703,78,166,168,47.8772,-96.7898,51.8
10/14/2020,Cass,North Dakota,38017,6917,78,167,214,47.8772,-96.7898,47.3
10/15/2020,Cass,North Dakota,38017,7011,78,168,94,47.8772,-96.7898,36.2
10/16/2020,Cass,North Dakota,38017,7231,79,169,220,47.8772,-96.7898,35.8
10/17/2020,Cass,North Dakota,38017,7405,79,170,174,47.8772,-96.7898,34.8
10/18/2020,Cass,North Dakota,38017,7536,79,171,131,47.8772,-96.7898,29.9
10/19/2020,Cass,North Dakota,38017,7753,79,172,217,47.8772,-96.7898,31.5
10/20/2020,Cass,North Dakota,38017,7915,81,173,162,47.8772,-96.7898,32.7
10/21/2020,Cass,North Dakota,38017,8010,81,174,95,47.8772,-96.7898,29.7
10/22/2020,Cass,North Dakota,38017,8207,82,175,197,47.8772,-96.7898,30.2
10/23/2020,Cass,North Dakota,38017,8359,83,176,152,47.8772,-96.7898,26.2
10/24/2020,Cass,North Dakota,38017,8480,83,177,121,47.8772,-96.7898,21.4
10/25/2020,Cass,North Dakota,38017,8658,83,178,178,47.8772,-96.7898,24.9
10/26/2020,Cass,North Dakota,38017,8794,84,179,136,47.8772,-96.7898,19.5
10/27/2020,Cass,North Dakota,38017,8925,84,180,131,47.8772,-96.7898,21.6
10/28/2020,Cass,North Dakota,38017,9056,84,181,131,47.8772,-96.7898,34.5
10/29/2020,Cass,North Dakota,38017,9333,85,182,277,47.8772,-96.7898,27.1
10/30/2020,Cass,North Dakota,38017,9510,85,183,177,47.8772,-96.7898,37.2
10/31/2020,Cass,North Dakota,38017,9748,85,184,238,47.8772,-96.7898,39.3
05/01/2020,Lancaster,Nebraska,31109,281,1,1,16,40.8136,-96.7026,72.1
05/02/2020,Lancaster,Nebraska,31109,299,1,2,18,40.8136,-96.7026,65.3
05/03/2020,Lancaster,Nebraska,31109,330,1,3,31,40.8136,-96.7026,65
05/04/2020,Lancaster,Nebraska,31109,394,1,4,64,40.8136,-96.7026,58.1
05/05/2020,Lancaster,Nebraska,31109,441,1,5,47,40.8136,-96.7026,57.6
05/06/2020,Lancaster,Nebraska,31109,462,1,6,21,40.8136,-96.7026,51.7
05/07/2020,Lancaster,Nebraska,31109,509,2,7,47,40.8136,-96.7026,49.3
05/08/2020,Lancaster,Nebraska,31109,547,2,8,38,40.8136,-96.7026,49
05/09/2020,Lancaster,Nebraska,31109,606,2,9,59,40.8136,-96.7026,48.5
05/10/2020,Lancaster,Nebraska,31109,607,2,10,1,40.8136,-96.7026,47.3
05/11/2020,Lancaster,Nebraska,31109,647,2,11,40,40.8136,-96.7026,44.9
05/12/2020,Lancaster,Nebraska,31109,665,3,12,18,40.8136,-96.7026,51.4
05/13/2020,Lancaster,Nebraska,31109,687,3,13,22,40.8136,-96.7026,51.8
05/14/2020,Lancaster,Nebraska,31109,701,5,14,14,40.8136,-96.7026,59.3
05/15/2020,Lancaster,Nebraska,31109,735,5,15,34,40.8136,-96.7026,62.7
05/16/2020,Lancaster,Nebraska,31109,791,5,16,56,40.8136,-96.7026,61.6
05/17/2020,Lancaster,Nebraska,31109,800,5,17,9,40.8136,-96.7026,59.7
05/18/2020,Lancaster,Nebraska,31109,892,6,18,92,40.8136,-96.7026,58.5
05/19/2020,Lancaster,Nebraska,31109,912,7,19,20,40.8136,-96.7026,59.9
05/20/2020,Lancaster,Nebraska,31109,934,7,20,22,40.8136,-96.7026,62.2
05/21/2020,Lancaster,Nebraska,31109,995,7,21,61,40.8136,-96.7026,65.9
05/22/2020,Lancaster,Nebraska,31109,1005,8,22,10,40.8136,-96.7026,63.1
05/23/2020,Lancaster,Nebraska,31109,1033,8,23,28,40.8136,-96.7026,68.4
05/24/2020,Lancaster,Nebraska,31109,1056,8,24,23,40.8136,-96.7026,68.8
05/25/2020,Lancaster,Nebraska,31109,1090,8,25,34,40.8136,-96.7026,62.9
05/26/2020,Lancaster,Nebraska,31109,1098,9,26,8,40.8136,-96.7026,62.9
05/27/2020,Lancaster,Nebraska,31109,1120,9,27,22,40.8136,-96.7026,67
05/28/2020,Lancaster,Nebraska,31109,1140,9,28,20,40.8136,-96.7026,71.8
05/29/2020,Lancaster,Nebraska,31109,1176,9,29,36,40.8136,-96.7026,67.1
05/30/2020,Lancaster,Nebraska,31109,1195,9,30,19,40.8136,-96.7026,58.6
05/31/2020,Lancaster,Nebraska,31109,1212,9,31,17,40.8136,-96.7026,69.9
06/01/2020,Lancaster,Nebraska,31109,1228,9,32,16,40.8136,-96.7026,79.5
06/02/2020,Lancaster,Nebraska,31109,1245,9,33,17,40.8136,-96.7026,81.7
06/03/2020,Lancaster,Nebraska,31109,1263,9,34,18,40.8136,-96.7026,80.8
06/04/2020,Lancaster,Nebraska,31109,1278,10,35,15,40.8136,-96.7026,76.8
06/05/2020,Lancaster,Nebraska,31109,1310,10,36,32,40.8136,-96.7026,79.6
06/06/2020,Lancaster,Nebraska,31109,1340,10,37,30,40.8136,-96.7026,83.6
06/07/2020,Lancaster,Nebraska,31109,1356,10,38,16,40.8136,-96.7026,84.8
06/08/2020,Lancaster,Nebraska,31109,1372,10,39,16,40.8136,-96.7026,83.1
06/09/2020,Lancaster,Nebraska,31109,1376,10,40,4,40.8136,-96.7026,75.2
06/10/2020,Lancaster,Nebraska,31109,1397,10,41,21,40.8136,-96.7026,67.1
06/11/2020,Lancaster,Nebraska,31109,1429,10,42,32,40.8136,-96.7026,73
06/12/2020,Lancaster,Nebraska,31109,1445,10,43,16,40.8136,-96.7026,76.1
06/13/2020,Lancaster,Nebraska,31109,1464,10,44,19,40.8136,-96.7026,81.2
06/14/2020,Lancaster,Nebraska,31109,1472,10,45,8,40.8136,-96.7026,83.3
06/15/2020,Lancaster,Nebraska,31109,1487,10,46,15,40.8136,-96.7026,82.8
06/16/2020,Lancaster,Nebraska,31109,1521,10,47,34,40.8136,-96.7026,82
06/17/2020,Lancaster,Nebraska,31109,1545,10,48,24,40.8136,-96.7026,83.1
06/18/2020,Lancaster,Nebraska,31109,1569,10,49,24,40.8136,-96.7026,74.7
06/19/2020,Lancaster,Nebraska,31109,1588,10,50,19,40.8136,-96.7026,68.8
06/20/2020,Lancaster,Nebraska,31109,1603,10,51,15,40.8136,-96.7026,73.6
06/21/2020,Lancaster,Nebraska,31109,1611,10,52,8,40.8136,-96.7026,75.2
06/22/2020,Lancaster,Nebraska,31109,1623,10,53,12,40.8136,-96.7026,72.4
06/23/2020,Lancaster,Nebraska,31109,1634,11,54,11,40.8136,-96.7026,70.1
06/24/2020,Lancaster,Nebraska,31109,1649,11,55,15,40.8136,-96.7026,70.8
06/25/2020,Lancaster,Nebraska,31109,1660,12,56,11,40.8136,-96.7026,78.2
06/26/2020,Lancaster,Nebraska,31109,1670,12,57,10,40.8136,-96.7026,82
06/27/2020,Lancaster,Nebraska,31109,1688,12,58,18,40.8136,-96.7026,77.4
06/28/2020,Lancaster,Nebraska,31109,1697,12,59,9,40.8136,-96.7026,79.6
06/29/2020,Lancaster,Nebraska,31109,1718,12,60,21,40.8136,-96.7026,81.5
06/30/2020,Lancaster,Nebraska,31109,1728,12,61,10,40.8136,-96.7026,82.4
07/01/2020,Lancaster,Nebraska,31109,1751,13,62,23,40.8136,-96.7026,77.1
07/02/2020,Lancaster,Nebraska,31109,1766,13,63,15,40.8136,-96.7026,78.1
07/03/2020,Lancaster,Nebraska,31109,1791,13,64,25,40.8136,-96.7026,80
07/04/2020,Lancaster,Nebraska,31109,1838,13,65,47,40.8136,-96.7026,79.4
07/05/2020,Lancaster,Nebraska,31109,1866,13,66,28,40.8136,-96.7026,79.2
07/06/2020,Lancaster,Nebraska,31109,1882,13,67,16,40.8136,-96.7026,80.3
07/07/2020,Lancaster,Nebraska,31109,1909,13,68,27,40.8136,-96.7026,81.2
07/08/2020,Lancaster,Nebraska,31109,1963,13,69,54,40.8136,-96.7026,82.9
07/09/2020,Lancaster,Nebraska,31109,1998,13,70,35,40.8136,-96.7026,76.5
07/10/2020,Lancaster,Nebraska,31109,2028,13,71,30,40.8136,-96.7026,77.9
07/11/2020,Lancaster,Nebraska,31109,2076,13,72,48,40.8136,-96.7026,77.4
07/12/2020,Lancaster,Nebraska,31109,2129,13,73,53,40.8136,-96.7026,73.2
07/13/2020,Lancaster,Nebraska,31109,2182,13,74,53,40.8136,-96.7026,78.3
07/14/2020,Lancaster,Nebraska,31109,2226,13,75,44,40.8136,-96.7026,78.4
07/15/2020,Lancaster,Nebraska,31109,2266,13,76,40,40.8136,-96.7026,70.7
07/16/2020,Lancaster,Nebraska,31109,2316,13,77,50,40.8136,-96.7026,76
07/17/2020,Lancaster,Nebraska,31109,2363,14,78,47,40.8136,-96.7026,81.8
07/18/2020,Lancaster,Nebraska,31109,2401,14,79,38,40.8136,-96.7026,87
07/19/2020,Lancaster,Nebraska,31109,2430,14,80,29,40.8136,-96.7026,80.5
07/20/2020,Lancaster,Nebraska,31109,2482,14,81,52,40.8136,-96.7026,74.8
07/21/2020,Lancaster,Nebraska,31109,2541,14,82,59,40.8136,-96.7026,76.7
07/22/2020,Lancaster,Nebraska,31109,2605,14,83,64,40.8136,-96.7026,75.8
07/23/2020,Lancaster,Nebraska,31109,2669,14,84,64,40.8136,-96.7026,80.9
07/24/2020,Lancaster,Nebraska,31109,2718,14,85,49,40.8136,-96.7026,82.8
07/25/2020,Lancaster,Nebraska,31109,2758,14,86,40,40.8136,-96.7026,83.6
07/26/2020,Lancaster,Nebraska,31109,2802,14,87,44,40.8136,-96.7026,79.4
07/27/2020,Lancaster,Nebraska,31109,2837,14,88,35,40.8136,-96.7026,77.1
07/28/2020,Lancaster,Nebraska,31109,2895,14,89,58,40.8136,-96.7026,75.3
07/29/2020,Lancaster,Nebraska,31109,2945,15,90,50,40.8136,-96.7026,75.4
07/30/2020,Lancaster,Nebraska,31109,2992,15,91,47,40.8136,-96.7026,73.6
07/31/2020,Lancaster,Nebraska,31109,3028,15,92,36,40.8136,-96.7026,71.4
08/01/2020,Lancaster,Nebraska,31109,3074,15,93,46,40.8136,-96.7026,71.2
08/02/2020,Lancaster,Nebraska,31109,3118,15,94,44,40.8136,-96.7026,70.7
08/03/2020,Lancaster,Nebraska,31109,3163,15,95,45,40.8136,-96.7026,66
08/04/2020,Lancaster,Nebraska,31109,3195,16,96,32,40.8136,-96.7026,63.8
08/05/2020,Lancaster,Nebraska,31109,3215,17,97,20,40.8136,-96.7026,70.1
08/06/2020,Lancaster,Nebraska,31109,3244,17,98,29,40.8136,-96.7026,75.7
08/07/2020,Lancaster,Nebraska,31109,3266,17,99,22,40.8136,-96.7026,77.5
08/08/2020,Lancaster,Nebraska,31109,3287,17,100,21,40.8136,-96.7026,80.9
08/09/2020,Lancaster,Nebraska,31109,3313,17,101,26,40.8136,-96.7026,81.7
08/10/2020,Lancaster,Nebraska,31109,3337,17,102,24,40.8136,-96.7026,77.7
08/11/2020,Lancaster,Nebraska,31109,3361,19,103,24,40.8136,-96.7026,75.6
08/12/2020,Lancaster,Nebraska,31109,3384,19,104,23,40.8136,-96.7026,77.1
08/13/2020,Lancaster,Nebraska,31109,3415,19,105,31,40.8136,-96.7026,79.9
08/14/2020,Lancaster,Nebraska,31109,3431,19,106,16,40.8136,-96.7026,79
08/15/2020,Lancaster,Nebraska,31109,3452,19,107,21,40.8136,-96.7026,75.1
08/16/2020,Lancaster,Nebraska,31109,3467,19,108,15,40.8136,-96.7026,71.9
08/17/2020,Lancaster,Nebraska,31109,3486,19,109,19,40.8136,-96.7026,72.8
08/18/2020,Lancaster,Nebraska,31109,3501,20,110,15,40.8136,-96.7026,70
08/19/2020,Lancaster,Nebraska,31109,3520,20,111,19,40.8136,-96.7026,71.6
08/20/2020,Lancaster,Nebraska,31109,3553,20,112,33,40.8136,-96.7026,74
08/21/2020,Lancaster,Nebraska,31109,3591,20,113,38,40.8136,-96.7026,77
08/22/2020,Lancaster,Nebraska,31109,3618,20,114,27,40.8136,-96.7026,78.3
08/23/2020,Lancaster,Nebraska,31109,3635,20,115,17,40.8136,-96.7026,80.5
08/24/2020,Lancaster,Nebraska,31109,3641,20,116,6,40.8136,-96.7026,80.5
08/25/2020,Lancaster,Nebraska,31109,3707,20,117,66,40.8136,-96.7026,79.5
08/26/2020,Lancaster,Nebraska,31109,3741,20,118,34,40.8136,-96.7026,79
08/27/2020,Lancaster,Nebraska,31109,3802,20,119,61,40.8136,-96.7026,81.3
08/28/2020,Lancaster,Nebraska,31109,3875,21,120,73,40.8136,-96.7026,80.7
08/29/2020,Lancaster,Nebraska,31109,3923,21,121,48,40.8136,-96.7026,70.4
08/30/2020,Lancaster,Nebraska,31109,3990,21,122,67,40.8136,-96.7026,68.6
08/31/2020,Lancaster,Nebraska,31109,4059,21,123,69,40.8136,-96.7026,69
09/01/2020,Lancaster,Nebraska,31109,4117,21,124,58,40.8136,-96.7026,66.3
09/02/2020,Lancaster,Nebraska,31109,4213,21,125,96,40.8136,-96.7026,73.8
09/03/2020,Lancaster,Nebraska,31109,4313,21,126,100,40.8136,-96.7026,70.7
09/04/2020,Lancaster,Nebraska,31109,4397,21,127,84,40.8136,-96.7026,66.9
09/05/2020,Lancaster,Nebraska,31109,4445,21,128,48,40.8136,-96.7026,75.5
09/06/2020,Lancaster,Nebraska,31109,4468,21,129,23,40.8136,-96.7026,83.1
09/07/2020,Lancaster,Nebraska,31109,4498,21,130,30,40.8136,-96.7026,67.9
09/08/2020,Lancaster,Nebraska,31109,4582,21,131,84,40.8136,-96.7026,47.7
09/09/2020,Lancaster,Nebraska,31109,4700,22,132,118,40.8136,-96.7026,45.9
09/10/2020,Lancaster,Nebraska,31109,4843,22,133,143,40.8136,-96.7026,49.8
09/11/2020,Lancaster,Nebraska,31109,5000,22,134,157,40.8136,-96.7026,55.3
09/12/2020,Lancaster,Nebraska,31109,5102,22,135,102,40.8136,-96.7026,61.9
09/13/2020,Lancaster,Nebraska,31109,5155,22,136,53,40.8136,-96.7026,64.1
09/14/2020,Lancaster,Nebraska,31109,5196,22,137,41,40.8136,-96.7026,65.1
09/15/2020,Lancaster,Nebraska,31109,5302,22,138,106,40.8136,-96.7026,66.5
09/16/2020,Lancaster,Nebraska,31109,5388,23,139,86,40.8136,-96.7026,66.1
09/17/2020,Lancaster,Nebraska,31109,5468,24,140,80,40.8136,-96.7026,59.3
09/18/2020,Lancaster,Nebraska,31109,5540,24,141,72,40.8136,-96.7026,60.2
09/19/2020,Lancaster,Nebraska,31109,5630,24,142,90,40.8136,-96.7026,63.9
09/20/2020,Lancaster,Nebraska,31109,5698,24,143,68,40.8136,-96.7026,65.9
09/21/2020,Lancaster,Nebraska,31109,5774,24,144,76,40.8136,-96.7026,66.1
09/22/2020,Lancaster,Nebraska,31109,5850,24,145,76,40.8136,-96.7026,67.4
09/23/2020,Lancaster,Nebraska,31109,5938,24,146,88,40.8136,-96.7026,68
09/24/2020,Lancaster,Nebraska,31109,6018,24,147,80,40.8136,-96.7026,71.4
09/25/2020,Lancaster,Nebraska,31109,6137,24,148,119,40.8136,-96.7026,73.8
09/26/2020,Lancaster,Nebraska,31109,6233,24,149,96,40.8136,-96.7026,75.6
09/27/2020,Lancaster,Nebraska,31109,6294,24,150,61,40.8136,-96.7026,58.6
09/28/2020,Lancaster,Nebraska,31109,6346,24,151,52,40.8136,-96.7026,57.5
09/29/2020,Lancaster,Nebraska,31109,6425,24,152,79,40.8136,-96.7026,59.1
09/30/2020,Lancaster,Nebraska,31109,6532,24,153,107,40.8136,-96.7026,61.1
10/01/2020,Lancaster,Nebraska,31109,6641,24,154,109,40.8136,-96.7026,51.2
10/02/2020,Lancaster,Nebraska,31109,6746,24,155,105,40.8136,-96.7026,49.2
10/03/2020,Lancaster,Nebraska,31109,6830,24,156,84,40.8136,-96.7026,50.4
10/04/2020,Lancaster,Nebraska,31109,6876,24,157,46,40.8136,-96.7026,50.4
10/05/2020,Lancaster,Nebraska,31109,6925,26,158,49,40.8136,-96.7026,61.4
10/06/2020,Lancaster,Nebraska,31109,6925,26,159,0,40.8136,-96.7026,64.5
10/07/2020,Lancaster,Nebraska,31109,7075,30,160,150,40.8136,-96.7026,66.9
10/08/2020,Lancaster,Nebraska,31109,7177,30,161,102,40.8136,-96.7026,67.1
10/09/2020,Lancaster,Nebraska,31109,7289,30,162,112,40.8136,-96.7026,73.8
10/10/2020,Lancaster,Nebraska,31109,7411,31,163,122,40.8136,-96.7026,66.2
10/11/2020,Lancaster,Nebraska,31109,7481,31,164,70,40.8136,-96.7026,71.1
10/12/2020,Lancaster,Nebraska,31109,7534,32,165,53,40.8136,-96.7026,57.3
10/13/2020,Lancaster,Nebraska,31109,7620,32,166,86,40.8136,-96.7026,60.3
10/14/2020,Lancaster,Nebraska,31109,7714,32,167,94,40.8136,-96.7026,62.3
10/15/2020,Lancaster,Nebraska,31109,7825,33,168,111,40.8136,-96.7026,48.6
10/16/2020,Lancaster,Nebraska,31109,7912,35,169,87,40.8136,-96.7026,49
10/17/2020,Lancaster,Nebraska,31109,8054,35,170,142,40.8136,-96.7026,58.3
10/18/2020,Lancaster,Nebraska,31109,8112,35,171,58,40.8136,-96.7026,39.2
10/19/2020,Lancaster,Nebraska,31109,8205,37,172,93,40.8136,-96.7026,40.9
10/20/2020,Lancaster,Nebraska,31109,8339,39,173,134,40.8136,-96.7026,41.1
10/21/2020,Lancaster,Nebraska,31109,8445,41,174,106,40.8136,-96.7026,42.7
10/22/2020,Lancaster,Nebraska,31109,8526,42,175,81,40.8136,-96.7026,43.8
10/23/2020,Lancaster,Nebraska,31109,8668,42,176,142,40.8136,-96.7026,35.8
10/24/2020,Lancaster,Nebraska,31109,8746,42,177,78,40.8136,-96.7026,28.8
10/25/2020,Lancaster,Nebraska,31109,8877,43,178,131,40.8136,-96.7026,30.3
10/26/2020,Lancaster,Nebraska,31109,8979,43,179,102,40.8136,-96.7026,24.7
10/27/2020,Lancaster,Nebraska,31109,9072,43,180,93,40.8136,-96.7026,29.3
10/28/2020,Lancaster,Nebraska,31109,9164,45,181,92,40.8136,-96.7026,39.2
10/29/2020,Lancaster,Nebraska,31109,9330,45,182,166,40.8136,-96.7026,40.5
10/30/2020,Lancaster,Nebraska,31109,9413,45,183,83,40.8136,-96.7026,44.4
10/31/2020,Lancaster,Nebraska,31109,9660,45,184,247,40.8136,-96.7026,54.6
05/01/2020,Nueces,Texas,48355,106,3,1,2,27.8006,-97.3964,73.5
05/02/2020,Nueces,Texas,48355,107,3,2,1,27.8006,-97.3964,78.7
05/03/2020,Nueces,Texas,48355,107,3,3,0,27.8006,-97.3964,79.3
05/04/2020,Nueces,Texas,48355,113,3,4,6,27.8006,-97.3964,80.3
05/05/2020,Nueces,Texas,48355,114,3,5,1,27.8006,-97.3964,81.8
05/06/2020,Nueces,Texas,48355,117,3,6,3,27.8006,-97.3964,77.5
05/07/2020,Nueces,Texas,48355,123,3,7,6,27.8006,-97.3964,79.4
05/08/2020,Nueces,Texas,48355,128,3,8,5,27.8006,-97.3964,81.6
05/09/2020,Nueces,Texas,48355,128,3,9,0,27.8006,-97.3964,69.9
05/10/2020,Nueces,Texas,48355,132,3,10,4,27.8006,-97.3964,72.5
05/11/2020,Nueces,Texas,48355,147,3,11,15,27.8006,-97.3964,76
05/12/2020,Nueces,Texas,48355,174,3,12,27,27.8006,-97.3964,79.4
05/13/2020,Nueces,Texas,48355,186,3,13,12,27.8006,-97.3964,80
05/14/2020,Nueces,Texas,48355,209,3,14,23,27.8006,-97.3964,78.1
05/15/2020,Nueces,Texas,48355,231,3,15,22,27.8006,-97.3964,81.1
05/16/2020,Nueces,Texas,48355,233,3,16,2,27.8006,-97.3964,74.5
05/17/2020,Nueces,Texas,48355,234,3,17,1,27.8006,-97.3964,78
05/18/2020,Nueces,Texas,48355,242,3,18,8,27.8006,-97.3964,78.4
05/19/2020,Nueces,Texas,48355,248,3,19,6,27.8006,-97.3964,80.3
05/20/2020,Nueces,Texas,48355,256,3,20,8,27.8006,-97.3964,82.3
05/21/2020,Nueces,Texas,48355,260,3,21,4,27.8006,-97.3964,82.3
05/22/2020,Nueces,Texas,48355,260,3,22,0,27.8006,-97.3964,83.5
05/23/2020,Nueces,Texas,48355,262,3,23,2,27.8006,-97.3964,82.9
05/24/2020,Nueces,Texas,48355,262,3,24,0,27.8006,-97.3964,82.5
05/25/2020,Nueces,Texas,48355,263,3,25,1,27.8006,-97.3964,76.1
05/26/2020,Nueces,Texas,48355,266,3,26,3,27.8006,-97.3964,78.4
05/27/2020,Nueces,Texas,48355,268,3,27,2,27.8006,-97.3964,78.8
05/28/2020,Nueces,Texas,48355,268,3,28,0,27.8006,-97.3964,82.2
05/29/2020,Nueces,Texas,48355,268,3,29,0,27.8006,-97.3964,79.5
05/30/2020,Nueces,Texas,48355,274,3,30,6,27.8006,-97.3964,79.5
05/31/2020,Nueces,Texas,48355,275,3,31,1,27.8006,-97.3964,76.5
06/01/2020,Nueces,Texas,48355,275,3,32,0,27.8006,-97.3964,75.6
06/02/2020,Nueces,Texas,48355,280,3,33,5,27.8006,-97.3964,79.7
06/03/2020,Nueces,Texas,48355,285,3,34,5,27.8006,-97.3964,80.7
06/04/2020,Nueces,Texas,48355,286,3,35,1,27.8006,-97.3964,80.6
06/05/2020,Nueces,Texas,48355,289,3,36,3,27.8006,-97.3964,81.5
06/06/2020,Nueces,Texas,48355,289,3,37,0,27.8006,-97.3964,82.3
06/07/2020,Nueces,Texas,48355,289,3,38,0,27.8006,-97.3964,83.4
06/08/2020,Nueces,Texas,48355,300,3,39,11,27.8006,-97.3964,83.6
06/09/2020,Nueces,Texas,48355,303,3,40,3,27.8006,-97.3964,83.8
06/10/2020,Nueces,Texas,48355,310,3,41,7,27.8006,-97.3964,83.6
06/11/2020,Nueces,Texas,48355,321,3,42,11,27.8006,-97.3964,81.2
06/12/2020,Nueces,Texas,48355,336,3,43,15,27.8006,-97.3964,78.4
06/13/2020,Nueces,Texas,48355,336,3,44,0,27.8006,-97.3964,78.6
06/14/2020,Nueces,Texas,48355,336,3,45,0,27.8006,-97.3964,79.1
06/15/2020,Nueces,Texas,48355,360,4,46,24,27.8006,-97.3964,80.9
06/16/2020,Nueces,Texas,48355,391,4,47,31,27.8006,-97.3964,81.6
06/17/2020,Nueces,Texas,48355,420,4,48,29,27.8006,-97.3964,80.8
06/18/2020,Nueces,Texas,48355,485,5,49,65,27.8006,-97.3964,79.9
06/19/2020,Nueces,Texas,48355,548,6,50,63,27.8006,-97.3964,82.3
06/20/2020,Nueces,Texas,48355,597,6,51,49,27.8006,-97.3964,83.2
06/21/2020,Nueces,Texas,48355,633,6,52,36,27.8006,-97.3964,83.2
06/22/2020,Nueces,Texas,48355,742,6,53,109,27.8006,-97.3964,84.4
06/23/2020,Nueces,Texas,48355,813,6,54,71,27.8006,-97.3964,82.3
06/24/2020,Nueces,Texas,48355,1028,6,55,215,27.8006,-97.3964,77.1
06/25/2020,Nueces,Texas,48355,1028,6,56,0,27.8006,-97.3964,78.9
06/26/2020,Nueces,Texas,48355,1499,6,57,471,27.8006,-97.3964,79.3
06/27/2020,Nueces,Texas,48355,1727,6,58,228,27.8006,-97.3964,82.4
06/28/2020,Nueces,Texas,48355,1915,7,59,188,27.8006,-97.3964,83.1
06/29/2020,Nueces,Texas,48355,2120,8,60,205,27.8006,-97.3964,83.8
06/30/2020,Nueces,Texas,48355,2394,8,61,274,27.8006,-97.3964,84
07/01/2020,Nueces,Texas,48355,2756,9,62,362,27.8006,-97.3964,84
07/02/2020,Nueces,Texas,48355,3018,9,63,262,27.8006,-97.3964,84.1
07/03/2020,Nueces,Texas,48355,3272,10,64,254,27.8006,-97.3964,82.5
07/04/2020,Nueces,Texas,48355,3593,11,65,321,27.8006,-97.3964,82.8
07/05/2020,Nueces,Texas,48355,3796,14,66,203,27.8006,-97.3964,83.2
07/06/2020,Nueces,Texas,48355,4084,18,67,288,27.8006,-97.3964,84.5
07/07/2020,Nueces,Texas,48355,4472,27,68,388,27.8006,-97.3964,84.7
07/08/2020,Nueces,Texas,48355,4917,35,69,445,27.8006,-97.3964,84.7
07/09/2020,Nueces,Texas,48355,5260,37,70,343,27.8006,-97.3964,84.6
07/10/2020,Nueces,Texas,48355,5672,42,71,412,27.8006,-97.3964,85.1
07/11/2020,Nueces,Texas,48355,5965,50,72,293,27.8006,-97.3964,84.5
07/12/2020,Nueces,Texas,48355,6174,54,73,209,27.8006,-97.3964,84.1
07/13/2020,Nueces,Texas,48355,6427,58,74,253,27.8006,-97.3964,84.8
07/14/2020,Nueces,Texas,48355,7032,64,75,605,27.8006,-97.3964,84.4
07/15/2020,Nueces,Texas,48355,7532,70,76,500,27.8006,-97.3964,84.7
07/16/2020,Nueces,Texas,48355,7861,75,77,329,27.8006,-97.3964,85.4
07/17/2020,Nueces,Texas,48355,8171,82,78,310,27.8006,-97.3964,81.9
07/18/2020,Nueces,Texas,48355,8407,90,79,236,27.8006,-97.3964,82.5
07/19/2020,Nueces,Texas,48355,8579,95,80,172,27.8006,-97.3964,83.6
07/20/2020,Nueces,Texas,48355,8816,103,81,237,27.8006,-97.3964,84.3
07/21/2020,Nueces,Texas,48355,9105,108,82,289,27.8006,-97.3964,84.2
07/22/2020,Nueces,Texas,48355,9607,116,83,502,27.8006,-97.3964,85.5
07/23/2020,Nueces,Texas,48355,9961,124,84,354,27.8006,-97.3964,84.7
07/24/2020,Nueces,Texas,48355,10136,129,85,175,27.8006,-97.3964,84.8
07/25/2020,Nueces,Texas,48355,10351,137,86,215,27.8006,-97.3964,80
07/26/2020,Nueces,Texas,48355,10417,141,87,66,27.8006,-97.3964,82.7
07/27/2020,Nueces,Texas,48355,10647,148,88,230,27.8006,-97.3964,84.4
07/28/2020,Nueces,Texas,48355,10901,154,89,254,27.8006,-97.3964,83.9
07/29/2020,Nueces,Texas,48355,11160,162,90,259,27.8006,-97.3964,82.1
07/30/2020,Nueces,Texas,48355,11390,166,91,230,27.8006,-97.3964,84.8
07/31/2020,Nueces,Texas,48355,12301,176,92,911,27.8006,-97.3964,86.3
08/01/2020,Nueces,Texas,48355,12478,182,93,177,27.8006,-97.3964,83.9
08/02/2020,Nueces,Texas,48355,12575,195,94,97,27.8006,-97.3964,83.6
08/03/2020,Nueces,Texas,48355,12813,204,95,238,27.8006,-97.3964,84.2
08/04/2020,Nueces,Texas,48355,13062,212,96,249,27.8006,-97.3964,83.2
08/05/2020,Nueces,Texas,48355,13321,217,97,259,27.8006,-97.3964,84
08/06/2020,Nueces,Texas,48355,13552,227,98,231,27.8006,-97.3964,84.8
08/07/2020,Nueces,Texas,48355,13918,229,99,366,27.8006,-97.3964,85.5
08/08/2020,Nueces,Texas,48355,14073,234,100,155,27.8006,-97.3964,85.2
08/09/2020,Nueces,Texas,48355,15244,236,101,1171,27.8006,-97.3964,86
08/10/2020,Nueces,Texas,48355,15423,243,102,179,27.8006,-97.3964,85.7
08/11/2020,Nueces,Texas,48355,15731,249,103,308,27.8006,-97.3964,86.2
08/12/2020,Nueces,Texas,48355,16234,259,104,503,27.8006,-97.3964,86.3
08/13/2020,Nueces,Texas,48355,16403,270,105,169,27.8006,-97.3964,85.6
08/14/2020,Nueces,Texas,48355,16527,277,106,124,27.8006,-97.3964,85
08/15/2020,Nueces,Texas,48355,16878,279,107,351,27.8006,-97.3964,85.3
08/16/2020,Nueces,Texas,48355,17044,287,108,166,27.8006,-97.3964,85.2
08/17/2020,Nueces,Texas,48355,17124,290,109,80,27.8006,-97.3964,85.3
08/18/2020,Nueces,Texas,48355,17322,295,110,198,27.8006,-97.3964,84
08/19/2020,Nueces,Texas,48355,17494,300,111,172,27.8006,-97.3964,84.9
08/20/2020,Nueces,Texas,48355,17600,303,112,106,27.8006,-97.3964,84.6
08/21/2020,Nueces,Texas,48355,17854,306,113,254,27.8006,-97.3964,85.6
08/22/2020,Nueces,Texas,48355,17854,306,114,0,27.8006,-97.3964,84.1
08/23/2020,Nueces,Texas,48355,18069,313,115,215,27.8006,-97.3964,83.8
08/24/2020,Nueces,Texas,48355,18181,316,116,112,27.8006,-97.3964,82.9
08/25/2020,Nueces,Texas,48355,18349,327,117,168,27.8006,-97.3964,85.7
08/26/2020,Nueces,Texas,48355,18444,336,118,95,27.8006,-97.3964,86.4
08/27/2020,Nueces,Texas,48355,18536,339,119,92,27.8006,-97.3964,86.8
08/28/2020,Nueces,Texas,48355,18664,348,120,128,27.8006,-97.3964,88.6
08/29/2020,Nueces,Texas,48355,18664,348,121,0,27.8006,-97.3964,87.5
08/30/2020,Nueces,Texas,48355,18830,352,122,166,27.8006,-97.3964,87.7
08/31/2020,Nueces,Texas,48355,18886,353,123,56,27.8006,-97.3964,89
09/01/2020,Nueces,Texas,48355,18992,363,124,106,27.8006,-97.3964,89
09/02/2020,Nueces,Texas,48355,19017,368,125,25,27.8006,-97.3964,87.4
09/03/2020,Nueces,Texas,48355,19050,368,126,33,27.8006,-97.3964,87.1
09/04/2020,Nueces,Texas,48355,19076,370,127,26,27.8006,-97.3964,86.4
09/05/2020,Nueces,Texas,48355,19287,373,128,211,27.8006,-97.3964,82.7
09/06/2020,Nueces,Texas,48355,19287,373,129,0,27.8006,-97.3964,83.2
09/07/2020,Nueces,Texas,48355,19308,376,130,21,27.8006,-97.3964,82.4
09/08/2020,Nueces,Texas,48355,19389,381,131,81,27.8006,-97.3964,85.7
09/09/2020,Nueces,Texas,48355,19488,382,132,99,27.8006,-97.3964,85.8
09/10/2020,Nueces,Texas,48355,19509,383,133,21,27.8006,-97.3964,76.4
09/11/2020,Nueces,Texas,48355,19557,385,134,48,27.8006,-97.3964,76.6
09/12/2020,Nueces,Texas,48355,19557,385,135,0,27.8006,-97.3964,83.1
09/13/2020,Nueces,Texas,48355,19635,390,136,78,27.8006,-97.3964,84.1
09/14/2020,Nueces,Texas,48355,19635,390,137,0,27.8006,-97.3964,80.7
09/15/2020,Nueces,Texas,48355,19845,397,138,210,27.8006,-97.3964,82.9
09/16/2020,Nueces,Texas,48355,19875,400,139,30,27.8006,-97.3964,80.8
09/17/2020,Nueces,Texas,48355,19913,401,140,38,27.8006,-97.3964,78.6
09/18/2020,Nueces,Texas,48355,19956,401,141,43,27.8006,-97.3964,80.5
09/19/2020,Nueces,Texas,48355,19986,403,142,30,27.8006,-97.3964,79
09/20/2020,Nueces,Texas,48355,20002,403,143,16,27.8006,-97.3964,77.4
09/21/2020,Nueces,Texas,48355,20241,405,144,239,27.8006,-97.3964,72.1
09/22/2020,Nueces,Texas,48355,20270,407,145,29,27.8006,-97.3964,76.2
09/23/2020,Nueces,Texas,48355,20270,407,146,0,27.8006,-97.3964,77.8
09/24/2020,Nueces,Texas,48355,20434,410,147,164,27.8006,-97.3964,76.5
09/25/2020,Nueces,Texas,48355,20451,411,148,17,27.8006,-97.3964,76.9
09/26/2020,Nueces,Texas,48355,20451,411,149,0,27.8006,-97.3964,81.2
09/27/2020,Nueces,Texas,48355,20456,412,150,5,27.8006,-97.3964,83.3
09/28/2020,Nueces,Texas,48355,20472,416,151,16,27.8006,-97.3964,78.7
09/29/2020,Nueces,Texas,48355,20534,417,152,62,27.8006,-97.3964,73.1
09/30/2020,Nueces,Texas,48355,20541,417,153,7,27.8006,-97.3964,69.7
10/01/2020,Nueces,Texas,48355,20541,417,154,0,27.8006,-97.3964,72.2
10/02/2020,Nueces,Texas,48355,20661,419,155,120,27.8006,-97.3964,71.9
10/03/2020,Nueces,Texas,48355,20689,419,156,28,27.8006,-97.3964,74.4
10/04/2020,Nueces,Texas,48355,20689,419,157,0,27.8006,-97.3964,74
10/05/2020,Nueces,Texas,48355,20707,419,158,18,27.8006,-97.3964,74.3
10/06/2020,Nueces,Texas,48355,20727,421,159,20,27.8006,-97.3964,75.9
10/07/2020,Nueces,Texas,48355,20745,423,160,18,27.8006,-97.3964,76
10/08/2020,Nueces,Texas,48355,20767,423,161,22,27.8006,-97.3964,80.7
10/09/2020,Nueces,Texas,48355,20783,425,162,16,27.8006,-97.3964,82.5
10/10/2020,Nueces,Texas,48355,20783,425,163,0,27.8006,-97.3964,83
10/11/2020,Nueces,Texas,48355,20790,426,164,7,27.8006,-97.3964,81.2
10/12/2020,Nueces,Texas,48355,20814,427,165,24,27.8006,-97.3964,80.7
10/13/2020,Nueces,Texas,48355,20835,432,166,21,27.8006,-97.3964,79.6
10/14/2020,Nueces,Texas,48355,20846,432,167,11,27.8006,-97.3964,78.6
10/15/2020,Nueces,Texas,48355,20887,432,168,41,27.8006,-97.3964,81.3
10/16/2020,Nueces,Texas,48355,20931,435,169,44,27.8006,-97.3964,68
10/17/2020,Nueces,Texas,48355,20982,435,170,51,27.8006,-97.3964,72.8
10/18/2020,Nueces,Texas,48355,20993,436,171,11,27.8006,-97.3964,79.9
10/19/2020,Nueces,Texas,48355,21005,437,172,12,27.8006,-97.3964,81.5
10/20/2020,Nueces,Texas,48355,21027,438,173,22,27.8006,-97.3964,80.4
10/21/2020,Nueces,Texas,48355,21058,438,174,31,27.8006,-97.3964,79.9
10/22/2020,Nueces,Texas,48355,21087,438,175,29,27.8006,-97.3964,80.1
10/23/2020,Nueces,Texas,48355,21125,439,176,38,27.8006,-97.3964,79.8
10/24/2020,Nueces,Texas,48355,21166,440,177,41,27.8006,-97.3964,66.1
10/25/2020,Nueces,Texas,48355,21166,440,178,0,27.8006,-97.3964,76
10/26/2020,Nueces,Texas,48355,21187,440,179,21,27.8006,-97.3964,80.5
10/27/2020,Nueces,Texas,48355,21219,442,180,32,27.8006,-97.3964,58
10/28/2020,Nueces,Texas,48355,21247,442,181,28,27.8006,-97.3964,54
10/29/2020,Nueces,Texas,48355,21286,442,182,39,27.8006,-97.3964,59.5
10/30/2020,Nueces,Texas,48355,21312,442,183,26,27.8006,-97.3964,59.5
10/31/2020,Nueces,Texas,48355,21342,443,184,30,27.8006,-97.3964,63
